,F2,F3,Total_signal,AOB26log10,Nspralog10,norAlog10,Height_m,Depth_m,DMF,Conductivity,pH,NO2,NO3,NH4,TKN,Total_N
168787Y,270,180,450,7.595208483,6.414632155,4.496278791,1.1,0.4,0.936,220,8.1,5,5,650,1200,1300
168791Y,220,130,350,7.978309071,6.721478383,4.496222443,1.3,0,0.946,400,7.7,180,24,720,1100,1300
168792Z,220,130,350,7.86607751,6.545016711,4.507664098,1,0.3,0.943,280,7.9,120,8.2,640,1100,1200
168793X,290,210,500,7.88155799,6.572395006,4.290993774,0.6,0.7,0.926,170,8.1,50,16,950,1200,1300
168794Y,810,180,990,7.65263063,6.736793958,4.429090044,0.2,1.1,0.911,180,7.8,20,32,200,670,720
168798Z,170,100,170,7.000122258,6.457171952,4.031308849,0.1,1.4,0.85,140,7.8,6.7,43,260,520,570
